sample,depth,ABLG,CollectionYear,CollectionMonth,CollectionDay,Location1,StartLatitudeDD,StartLongitudeDD,LengthMM,FishDepthMM,WeightG,Lifestage,Sex,WGSBatchID,CollectionDate,Runtime,Comparison,Group
43530,1.13022143,43530,2024,7,24,Pick Creek,59.549728,-159.064847,NA,NA,NA,NA,NA,NA,7/24/2024,Early,Pick Creek,Pick Creek-Early
43529,1.527345203,43529,2024,7,24,Pick Creek,59.549728,-159.064847,NA,NA,NA,NA,NA,NA,7/24/2024,Early,Pick Creek,Pick Creek-Early
43531,1.428402963,43531,2024,7,24,Pick Creek,59.549728,-159.064847,NA,NA,NA,NA,NA,NA,7/24/2024,Early,Pick Creek,Pick Creek-Early
43532,1.094217354,43532,2024,7,24,Pick Creek,59.549728,-159.064847,NA,NA,NA,NA,NA,NA,7/24/2024,Early,Pick Creek,Pick Creek-Early
43533,0.97701786,43533,2024,7,24,Pick Creek,59.549728,-159.064847,NA,NA,NA,NA,NA,NA,7/24/2024,Early,Pick Creek,Pick Creek-Early
43534,1.453242933,43534,2024,7,24,Pick Creek,59.549728,-159.064847,NA,NA,NA,NA,NA,NA,7/24/2024,Early,Pick Creek,Pick Creek-Early
43528,1.840544244,43528,2024,7,24,Pick Creek,59.549728,-159.064847,NA,NA,NA,NA,NA,NA,7/24/2024,Early,Pick Creek,Pick Creek-Early
43535,1.330837578,43535,2024,7,24,Pick Creek,59.549728,-159.064847,NA,NA,NA,NA,NA,NA,7/24/2024,Early,Pick Creek,Pick Creek-Early
43536,1.573526319,43536,2024,7,24,Pick Creek,59.549728,-159.064847,NA,NA,NA,NA,NA,NA,7/24/2024,Early,Pick Creek,Pick Creek-Early
43538,1.032445745,43538,2024,7,24,Pick Creek,59.549728,-159.064847,NA,NA,NA,NA,NA,NA,7/24/2024,Early,Pick Creek,Pick Creek-Early
43539,1.080414902,43539,2024,7,24,Pick Creek,59.549728,-159.064847,NA,NA,NA,NA,NA,NA,7/24/2024,Early,Pick Creek,Pick Creek-Early
43541,1.278604032,43541,2024,7,24,Pick Creek,59.549728,-159.064847,NA,NA,NA,NA,NA,NA,7/24/2024,Early,Pick Creek,Pick Creek-Early
43540,0.907595439,43540,2024,7,24,Pick Creek,59.549728,-159.064847,NA,NA,NA,NA,NA,NA,7/24/2024,Early,Pick Creek,Pick Creek-Early
43542,1.187457962,43542,2024,7,24,Pick Creek,59.549728,-159.064847,NA,NA,NA,NA,NA,NA,7/24/2024,Early,Pick Creek,Pick Creek-Early
43544,1.596580632,43544,2024,7,24,Pick Creek,59.549728,-159.064847,NA,NA,NA,NA,NA,NA,7/24/2024,Early,Pick Creek,Pick Creek-Early
43543,0.956493403,43543,2024,7,24,Pick Creek,59.549728,-159.064847,NA,NA,NA,NA,NA,NA,7/24/2024,Early,Pick Creek,Pick Creek-Early
43537,1.560361976,43537,2024,7,24,Pick Creek,59.549728,-159.064847,NA,NA,NA,NA,NA,NA,7/24/2024,Early,Pick Creek,Pick Creek-Early
43546,1.243438216,43546,2024,7,24,Pick Creek,59.549728,-159.064847,NA,NA,NA,NA,NA,NA,7/24/2024,Early,Pick Creek,Pick Creek-Early
43556,1.039960879,43556,2024,7,24,Pick Creek,59.549728,-159.064847,NA,NA,NA,NA,NA,NA,7/24/2024,Early,Pick Creek,Pick Creek-Early
43553,0.972126822,43553,2024,7,24,Pick Creek,59.549728,-159.064847,NA,NA,NA,NA,NA,NA,7/24/2024,Early,Pick Creek,Pick Creek-Early
43552,1.130412032,43552,2024,7,24,Pick Creek,59.549728,-159.064847,NA,NA,NA,NA,NA,NA,7/24/2024,Early,Pick Creek,Pick Creek-Early
43551,1.051993095,43551,2024,7,24,Pick Creek,59.549728,-159.064847,NA,NA,NA,NA,NA,NA,7/24/2024,Early,Pick Creek,Pick Creek-Early
43549,1.15586296,43549,2024,7,24,Pick Creek,59.549728,-159.064847,NA,NA,NA,NA,NA,NA,7/24/2024,Early,Pick Creek,Pick Creek-Early
43554,1.098539377,43554,2024,7,24,Pick Creek,59.549728,-159.064847,NA,NA,NA,NA,NA,NA,7/24/2024,Early,Pick Creek,Pick Creek-Early
43547,1.24425776,43547,2024,7,24,Pick Creek,59.549728,-159.064847,NA,NA,NA,NA,NA,NA,7/24/2024,Early,Pick Creek,Pick Creek-Early
43545,1.642086326,43545,2024,7,24,Pick Creek,59.549728,-159.064847,NA,NA,NA,NA,NA,NA,7/24/2024,Early,Pick Creek,Pick Creek-Early
43555,1.316866883,43555,2024,7,24,Pick Creek,59.549728,-159.064847,NA,NA,NA,NA,NA,NA,7/24/2024,Early,Pick Creek,Pick Creek-Early
43550,1.640994186,43550,2024,7,24,Pick Creek,59.549728,-159.064847,NA,NA,NA,NA,NA,NA,7/24/2024,Early,Pick Creek,Pick Creek-Early
43548,1.027135265,43548,2024,7,24,Pick Creek,59.549728,-159.064847,NA,NA,NA,NA,NA,NA,7/24/2024,Early,Pick Creek,Pick Creek-Early
43558,1.135282707,43558,2024,7,24,Pick Creek,59.549728,-159.064847,NA,NA,NA,NA,NA,NA,7/24/2024,Early,Pick Creek,Pick Creek-Early
43560,1.241399005,43560,2024,7,24,Pick Creek,59.549728,-159.064847,NA,NA,NA,NA,NA,NA,7/24/2024,Early,Pick Creek,Pick Creek-Early
43559,1.155213414,43559,2024,7,24,Pick Creek,59.549728,-159.064847,NA,NA,NA,NA,NA,NA,7/24/2024,Early,Pick Creek,Pick Creek-Early
43561,1.356205136,43561,2024,7,24,Pick Creek,59.549728,-159.064847,NA,NA,NA,NA,NA,NA,7/24/2024,Early,Pick Creek,Pick Creek-Early
43563,1.168269686,43563,2024,7,24,Pick Creek,59.549728,-159.064847,NA,NA,NA,NA,NA,NA,7/24/2024,Early,Pick Creek,Pick Creek-Early
43565,1.136899896,43565,2024,7,24,Pick Creek,59.549728,-159.064847,NA,NA,NA,NA,NA,NA,7/24/2024,Early,Pick Creek,Pick Creek-Early
43568,1.282678468,43568,2024,7,24,Pick Creek,59.549728,-159.064847,NA,NA,NA,NA,NA,NA,7/24/2024,Early,Pick Creek,Pick Creek-Early
43564,0.999431268,43564,2024,7,24,Pick Creek,59.549728,-159.064847,NA,NA,NA,NA,NA,NA,7/24/2024,Early,Pick Creek,Pick Creek-Early
43570,0.887830342,43570,2024,7,24,Pick Creek,59.549728,-159.064847,NA,NA,NA,NA,NA,NA,7/24/2024,Early,Pick Creek,Pick Creek-Early
43573,0.873023141,43573,2024,7,24,Pick Creek,59.549728,-159.064847,NA,NA,NA,NA,NA,NA,7/24/2024,Early,Pick Creek,Pick Creek-Early
43566,1.090956006,43566,2024,7,24,Pick Creek,59.549728,-159.064847,NA,NA,NA,NA,NA,NA,7/24/2024,Early,Pick Creek,Pick Creek-Early
43571,0.71874579,43571,2024,7,24,Pick Creek,59.549728,-159.064847,NA,NA,NA,NA,NA,NA,7/24/2024,Early,Pick Creek,Pick Creek-Early
43569,1.210234933,43569,2024,7,24,Pick Creek,59.549728,-159.064847,NA,NA,NA,NA,NA,NA,7/24/2024,Early,Pick Creek,Pick Creek-Early
43572,1.035379112,43572,2024,7,24,Pick Creek,59.549728,-159.064847,NA,NA,NA,NA,NA,NA,7/24/2024,Early,Pick Creek,Pick Creek-Early
43575,0.905373895,43575,2024,7,24,Pick Creek,59.549728,-159.064847,NA,NA,NA,NA,NA,NA,7/24/2024,Early,Pick Creek,Pick Creek-Early
43567,1.356808934,43567,2024,7,24,Pick Creek,59.549728,-159.064847,NA,NA,NA,NA,NA,NA,7/24/2024,Early,Pick Creek,Pick Creek-Early
43574,1.113752442,43574,2024,7,24,Pick Creek,59.549728,-159.064847,NA,NA,NA,NA,NA,NA,7/24/2024,Early,Pick Creek,Pick Creek-Early
43576,0.743367397,43576,2024,9,08,Pick Creek,59.549728,-159.064847,NA,NA,NA,NA,NA,NA,9/8/2024,Late,Pick Creek,Pick Creek-Late
43578,0.901265349,43578,2024,9,08,Pick Creek,59.549728,-159.064847,NA,NA,NA,NA,NA,NA,9/8/2024,Late,Pick Creek,Pick Creek-Late
43577,1.040328991,43577,2024,9,08,Pick Creek,59.549728,-159.064847,NA,NA,NA,NA,NA,NA,9/8/2024,Late,Pick Creek,Pick Creek-Late
43579,0.346560241,43579,2024,9,08,Pick Creek,59.549728,-159.064847,NA,NA,NA,NA,NA,NA,9/8/2024,Late,Pick Creek,Pick Creek-Late
43580,1.001292427,43580,2024,9,08,Pick Creek,59.549728,-159.064847,NA,NA,NA,NA,NA,NA,9/8/2024,Late,Pick Creek,Pick Creek-Late
43581,0.972785759,43581,2024,9,08,Pick Creek,59.549728,-159.064847,NA,NA,NA,NA,NA,NA,9/8/2024,Late,Pick Creek,Pick Creek-Late
43586,1.221052298,43586,2024,9,08,Pick Creek,59.549728,-159.064847,NA,NA,NA,NA,NA,NA,9/8/2024,Late,Pick Creek,Pick Creek-Late
43585,0.610485528,43585,2024,9,08,Pick Creek,59.549728,-159.064847,NA,NA,NA,NA,NA,NA,9/8/2024,Late,Pick Creek,Pick Creek-Late
43582,0.957121548,43582,2024,9,08,Pick Creek,59.549728,-159.064847,NA,NA,NA,NA,NA,NA,9/8/2024,Late,Pick Creek,Pick Creek-Late
43583,0.797649085,43583,2024,9,08,Pick Creek,59.549728,-159.064847,NA,NA,NA,NA,NA,NA,9/8/2024,Late,Pick Creek,Pick Creek-Late
43584,0.873572494,43584,2024,9,08,Pick Creek,59.549728,-159.064847,NA,NA,NA,NA,NA,NA,9/8/2024,Late,Pick Creek,Pick Creek-Late
43587,0.903974994,43587,2024,9,08,Pick Creek,59.549728,-159.064847,NA,NA,NA,NA,NA,NA,9/8/2024,Late,Pick Creek,Pick Creek-Late
43588,1.01353568,43588,2024,9,08,Pick Creek,59.549728,-159.064847,NA,NA,NA,NA,NA,NA,9/8/2024,Late,Pick Creek,Pick Creek-Late
43590,0.802131493,43590,2024,9,08,Pick Creek,59.549728,-159.064847,NA,NA,NA,NA,NA,NA,9/8/2024,Late,Pick Creek,Pick Creek-Late
43589,0.663811866,43589,2024,9,08,Pick Creek,59.549728,-159.064847,NA,NA,NA,NA,NA,NA,9/8/2024,Late,Pick Creek,Pick Creek-Late
43557,0.991535812,43557,2024,7,24,Pick Creek,59.549728,-159.064847,NA,NA,NA,NA,NA,NA,7/24/2024,Early,Pick Creek,Pick Creek-Early
43591,0.895308567,43591,2024,9,08,Pick Creek,59.549728,-159.064847,NA,NA,NA,NA,NA,NA,9/8/2024,Late,Pick Creek,Pick Creek-Late
43592,0.846137272,43592,2024,9,08,Pick Creek,59.549728,-159.064847,NA,NA,NA,NA,NA,NA,9/8/2024,Late,Pick Creek,Pick Creek-Late
43593,1.052408568,43593,2024,9,08,Pick Creek,59.549728,-159.064847,NA,NA,NA,NA,NA,NA,9/8/2024,Late,Pick Creek,Pick Creek-Late
43562,1.391266307,43562,2024,7,24,Pick Creek,59.549728,-159.064847,NA,NA,NA,NA,NA,NA,7/24/2024,Early,Pick Creek,Pick Creek-Early
43594,1.182061043,43594,2024,9,08,Pick Creek,59.549728,-159.064847,NA,NA,NA,NA,NA,NA,9/8/2024,Late,Pick Creek,Pick Creek-Late
43602,0.655839529,43602,2024,9,08,Pick Creek,59.549728,-159.064847,NA,NA,NA,NA,NA,NA,9/8/2024,Late,Pick Creek,Pick Creek-Late
43596,0.555723397,43596,2024,9,08,Pick Creek,59.549728,-159.064847,NA,NA,NA,NA,NA,NA,9/8/2024,Late,Pick Creek,Pick Creek-Late
43595,1.23872198,43595,2024,9,08,Pick Creek,59.549728,-159.064847,NA,NA,NA,NA,NA,NA,9/8/2024,Late,Pick Creek,Pick Creek-Late
43597,0.89199697,43597,2024,9,08,Pick Creek,59.549728,-159.064847,NA,NA,NA,NA,NA,NA,9/8/2024,Late,Pick Creek,Pick Creek-Late
43598,0.854671519,43598,2024,9,08,Pick Creek,59.549728,-159.064847,NA,NA,NA,NA,NA,NA,9/8/2024,Late,Pick Creek,Pick Creek-Late
43600,0.635002211,43600,2024,9,08,Pick Creek,59.549728,-159.064847,NA,NA,NA,NA,NA,NA,9/8/2024,Late,Pick Creek,Pick Creek-Late
43601,0.895607222,43601,2024,9,08,Pick Creek,59.549728,-159.064847,NA,NA,NA,NA,NA,NA,9/8/2024,Late,Pick Creek,Pick Creek-Late
43599,0.879334112,43599,2024,9,08,Pick Creek,59.549728,-159.064847,NA,NA,NA,NA,NA,NA,9/8/2024,Late,Pick Creek,Pick Creek-Late
43603,1.033883432,43603,2024,9,08,Pick Creek,59.549728,-159.064847,NA,NA,NA,NA,NA,NA,9/8/2024,Late,Pick Creek,Pick Creek-Late
43606,0.461637965,43606,2024,9,08,Pick Creek,59.549728,-159.064847,NA,NA,NA,NA,NA,NA,9/8/2024,Late,Pick Creek,Pick Creek-Late
43604,0.27744609,43604,2024,9,08,Pick Creek,59.549728,-159.064847,NA,NA,NA,NA,NA,NA,9/8/2024,Late,Pick Creek,Pick Creek-Late
43605,0.749289285,43605,2024,9,08,Pick Creek,59.549728,-159.064847,NA,NA,NA,NA,NA,NA,9/8/2024,Late,Pick Creek,Pick Creek-Late
43608,0.557990252,43608,2024,9,08,Pick Creek,59.549728,-159.064847,NA,NA,NA,NA,NA,NA,9/8/2024,Late,Pick Creek,Pick Creek-Late
43609,1.107817104,43609,2024,9,08,Pick Creek,59.549728,-159.064847,NA,NA,NA,NA,NA,NA,9/8/2024,Late,Pick Creek,Pick Creek-Late
43610,0.676921571,43610,2024,9,08,Pick Creek,59.549728,-159.064847,NA,NA,NA,NA,NA,NA,9/8/2024,Late,Pick Creek,Pick Creek-Late
43612,0.887448901,43612,2024,9,08,Pick Creek,59.549728,-159.064847,NA,NA,NA,NA,NA,NA,9/8/2024,Late,Pick Creek,Pick Creek-Late
43611,1.22948891,43611,2024,9,08,Pick Creek,59.549728,-159.064847,NA,NA,NA,NA,NA,NA,9/8/2024,Late,Pick Creek,Pick Creek-Late
43616,0.807358497,43616,2024,9,08,Pick Creek,59.549728,-159.064847,NA,NA,NA,NA,NA,NA,9/8/2024,Late,Pick Creek,Pick Creek-Late
43618,1.065927082,43618,2024,9,08,Pick Creek,59.549728,-159.064847,NA,NA,NA,NA,NA,NA,9/8/2024,Late,Pick Creek,Pick Creek-Late
43615,1.1207294,43615,2024,9,08,Pick Creek,59.549728,-159.064847,NA,NA,NA,NA,NA,NA,9/8/2024,Late,Pick Creek,Pick Creek-Late
43613,0.557239081,43613,2024,9,08,Pick Creek,59.549728,-159.064847,NA,NA,NA,NA,NA,NA,9/8/2024,Late,Pick Creek,Pick Creek-Late
43614,0.652007209,43614,2024,9,08,Pick Creek,59.549728,-159.064847,NA,NA,NA,NA,NA,NA,9/8/2024,Late,Pick Creek,Pick Creek-Late
43619,0.790372182,43619,2024,9,08,Pick Creek,59.549728,-159.064847,NA,NA,NA,NA,NA,NA,9/8/2024,Late,Pick Creek,Pick Creek-Late
43620,0.453929445,43620,2024,9,08,Pick Creek,59.549728,-159.064847,NA,NA,NA,NA,NA,NA,9/8/2024,Late,Pick Creek,Pick Creek-Late
43617,0.86323691,43617,2024,9,08,Pick Creek,59.549728,-159.064847,NA,NA,NA,NA,NA,NA,9/8/2024,Late,Pick Creek,Pick Creek-Late
43621,0.815638874,43621,2024,9,08,Pick Creek,59.549728,-159.064847,NA,NA,NA,NA,NA,NA,9/8/2024,Late,Pick Creek,Pick Creek-Late
43622,1.011769911,43622,2024,9,08,Pick Creek,59.549728,-159.064847,NA,NA,NA,NA,NA,NA,9/8/2024,Late,Pick Creek,Pick Creek-Late
43623,1.561889152,43623,2024,9,08,Pick Creek,59.549728,-159.064847,NA,NA,NA,NA,NA,NA,9/8/2024,Late,Pick Creek,Pick Creek-Late
43607,0.975956675,43607,2024,9,08,Pick Creek,59.549728,-159.064847,NA,NA,NA,NA,NA,NA,9/8/2024,Late,Pick Creek,Pick Creek-Late
